drug_ms,clean_drug,base_drug,UMLS_CUI,Preferred_Term,Preferred_TTY
"1,1,1,3,3-Pentafluoropropane/Norflurane",1 1 1 3 3-pentafluoropropane/norflurane,1 1 1 3 3-pentafluoropropane/norflurane,,,
5-Methyltetrahydrofolate Calcium,5-methyltetrahydrofolate calcium,5-methyltetrahydrofolate,,,
Acetic Acid Glacial/Oxyquinoline Sulfate,acetic acid glacial/oxyquinoline sulfate,acetic acid glacial/oxyquinoline,,,
Acetic Acid/Hydrocortisone,acetic acid/hydrocortisone,acetic acid/hydrocortisone,,,
Acetone Test,acetone test,acetone test,,,
Acetone/Fuchsin/Resorcinol,acetone/fuchsin/resorcinol,acetone/fuchsin/resorcinol,,,
Acetylcysteine/Levomefolate Ca/Methylcobalamin,acetylcysteine/levomefolate ca/methylcobalamin,acetylcysteine/levomefolate ca/methylcobalamin,,,
Adhesive,adhesive,adhesive,,,
Agave Syrup/English Ivy Extract,agave /english ivy extract,agave /english ivy extract,,,
AHF Human/AHF VIII:C Human,ahf human/ahf viii c human,ahf human/ahf viii c human,,,
AHF Human/Von Willebrand Factor Human,ahf human/von willebrand factor human,ahf human/von willebrand factor human,,,
AHF VIII (Recombinant) Sucrose Formulated,ahf viii recombinant sucrose formulated,ahf viii recombinant sucrose formulated,,,
Albumin Test,albumin test,albumin test,,,
Aloe/Collagen/Lidocaine Hydrochloride,aloe/collagen/lidocaine hydrochloride,aloe/collagen/lidocaine,,,
Aloe/HC Ace/Pramoxine HCl,aloe/hc ace/pramoxine hcl,aloe/hc ace/pramoxine,,,
Aloe/Hydrocortisone Acetate/Iodoquinol,aloe/hydrocortisone acetate/iodoquinol,aloe/hydrocortisone acetate/iodoquinol,,,
Alternaria Extract,alternaria extract,alternaria extract,,,
American Elm Allergen Extract,american elm allergen extract,american elm allergen extract,,,
Amino Acids/Magnesium,amino acids/magnesium,amino acids/magnesium,,,
Amitriptyline Hydrochloride/Chlordiazepoxide,amitriptyline hydrochloride/chlordiazepoxide,amitriptyline hydrochloride/chlordiazepoxide,,,
Amitriptyline Hydrochloride/Perphenazine,amitriptyline hydrochloride/perphenazine,amitriptyline hydrochloride/perphenazine,,,
Anesthetic Combination,anesthetic combination,anesthetic combination,,,
Antibacterial/Analgesic Combination,antibacterial/analgesic combination,antibacterial/analgesic combination,,,
Antibacterial/Anesthetic Combination,antibacterial/anesthetic combination,antibacterial/anesthetic combination,,,
Antibacterial/Anti-inflammatory Combination,antibacterial/anti-inflammatory combination,antibacterial/anti-inflammatory combination,,,
"Antihemophil Factor Recom, Fc-VWF Fusion Prot-ehtl",antihemophil factor recom fc-vwf fusion prot-ehtl,antihemophil factor recom fc-vwf fusion prot-ehtl,,,
Antihemophilic Factor (Recomb) Plasma/Albumin-Free,antihemophilic factor recomb plasma/albumin-free,antihemophilic factor recomb plasma/albumin-free,,,
"Antihemophilic Factor Recomb, Glycopegylated-exei",antihemophilic factor recomb glycopegylated-exei,antihemophilic factor recomb glycopegylated-exei,,,
Antihemophilic Factor VIII (Recombinant),antihemophilic factor viii recombinant,antihemophilic factor viii recombinant,,,
Antihemophilic Factor VIII Fc Fusion Protein Recom,antihemophilic factor viii fc fusion protein recom,antihemophilic factor viii fc fusion protein recom,,,
Antiviral Combination,antiviral combination,antiviral combination,,,
APAP/Butalbital/Caff/Codeine Phos,apap/butalbital/caff/codeine phos,apap/butalbital/caff/codeine phos,,,
APAP/Chlorpheniramine Mal/Phenyleph HCl,apap/chlorpheniramine mal/phenyleph hcl,apap/chlorpheniramine mal/phenyleph,,,
APAP/Dichloralphenazone/Isometheptene Mucate,apap/dichloralphenazone/isometheptene mucate,apap/dichloralphenazone/isometheptene mucate,,,
APAP/diphenhydrAMINE hydrochloride/Phenyleph HCl,apap/diphenhydramine hydrochloride/phenyleph hcl,apap/diphenhydramine hydrochloride/phenyleph,,,
APAP/DM Hydrobrom/guaiFENesin/Phenyleph HCl,apap/dm hydrobrom/guaifenesin/phenyleph hcl,apap/dm hydrobrom/guaifenesin/phenyleph,,,
APAP/DM Hydrobrom/guaiFENesin/PSE HCl,apap/dm hydrobrom/guaifenesin/pse hcl,apap/dm hydrobrom/guaifenesin/pse,,,
APAP/DM Hydrobrom/Phenyleph HCl,apap/dm hydrobrom/phenyleph hcl,apap/dm hydrobrom/phenyleph,,,
"Applicator, Bottle",applicator bottle,applicator bottle,,,
Bahia Allergen Extract,bahia allergen extract,bahia allergen extract,,,
Balanced Salt Solution,balanced salt,balanced salt,,,
Bandage,bandage,bandage,,,
"Bean, Fava/Pea",bean fava/pea,bean fava/pea,,,
Belladonna Extract/Opium,belladonna extract/opium,belladonna extract/opium,,,
Bendroflumethiazide/Nadolol,bendroflumethiazide/nadolol,bendroflumethiazide/nadolol,,,
Benzalkonium Chloride/Pramoxine Hydrochloride,benzalkonium chloride/pramoxine hydrochloride,benzalkonium chloride/pramoxine,,,
Benzocaine/Butamben/Tetracaine,benzocaine/butamben/tetracaine,benzocaine/butamben/tetracaine,,,
Benzocaine/Cetylpyridinium Cl/Menthol/Zn Cl,benzocaine/cetylpyridinium cl/menthol/zn cl,benzocaine/cetylpyridinium cl/menthol/zn cl,,,
Benzocaine/Dextromethorphan Hydrobromide,benzocaine/dextromethorphan hydrobromide,benzocaine/dextromethorphan hydrobromide,,,
Benzocaine/Docusate Sodium,benzocaine/docusate sodium,benzocaine/docusate,,,
Benzocaine/Menthol,benzocaine/menthol,benzocaine/menthol,,,
Benzocaine/Resorcinol,benzocaine/resorcinol,benzocaine/resorcinol,,,
Benzocaine/Zinc Chloride,benzocaine/zinc chloride,benzocaine/zinc chloride,,,
Benzoin Compound,benzoin compound,benzoin compound,,,
Benzoin Compound/Podophyllum,benzoin compound/podophyllum,benzoin compound/podophyllum,,,
Benzoyl Peroxide;Benzoyl Peroxide,benzoyl peroxide benzoyl peroxide,benzoyl peroxide benzoyl peroxide,,,
Benzoyl Peroxide;Erythromycin,benzoyl peroxide erythromycin,benzoyl peroxide erythromycin,,,
Benzoyl Peroxide;Salicylic Acid;Vitamin E,benzoyl peroxide salicylic acid vitamin e,benzoyl peroxide salicylic acid vitamin e,,,
Benzoyl Peroxide;Vitamin E,benzoyl peroxide vitamin e,benzoyl peroxide vitamin e,,,
Benzoyl Peroxide/Clindamycin Phosphate,benzoyl peroxide/clindamycin phosphate,benzoyl peroxide/clindamycin,,,
"Benzoyl Peroxide/Clindamycin Phosphate;Lotion, Mul",benzoyl peroxide/clindamycin phosphate lotion mul,benzoyl peroxide/clindamycin lotion mul,,,
Benzoyl Peroxide/Erythromycin,benzoyl peroxide/erythromycin,benzoyl peroxide/erythromycin,,,
Benzoyl Peroxide/Hydrocortisone,benzoyl peroxide/hydrocortisone,benzoyl peroxide/hydrocortisone,,,
Benzoyl Peroxide/Tretinoin,benzoyl peroxide/tretinoin,benzoyl peroxide/tretinoin,,,
Beta Glucan,beta glucan,beta glucan,,,
Beta-Hydroxyisovaleric Acid/Milk Protein,beta-hydroxyisovaleric acid/milk protein,beta-hydroxyisovaleric acid/milk protein,,,
Betula nigra Allergen Extract,betula nigra allergen extract,betula nigra allergen extract,,,
Bi Subcitrate K/Metronidazole/Tetracycline HCl,bi subcitrate k/metronidazole/tetracycline hcl,bi subcitrate k/metronidazole/tetracycline,,,
Bitterness Masking Agent,bitterness masking agent,bitterness masking agent,,,
Boricum Acidum,boricum acidum,boricum acidum,,,
Boron/Ca/Vit B12/Folic Acid/Mg/Vit B6/Vit D,boron/ca/vit b12/folic acid/mg/vit b6/vit d,boron/ca/vit b12/folic acid/mg/vit b6/vit d,,,
"Bottle, Hot/Cold, Water",bottle hot/cold water,bottle hot/cold water,,,
Ca Carbonate/Cu/Mg/Mn/Vit D/Zinc,ca carbonate/cu/mg/mn/vit d/zinc,ca carbonate/cu/mg/mn/vit d/zinc,,,
"Ca Carbonate/Flavoring Aid/Food Starch, Modified/S",ca carbonate/flavoring aid/food starch modified/s,ca carbonate/flavoring aid/food starch modified/s,,,
Ca Cl/K Cl/Na Cl,ca cl/k cl/na cl,ca cl/k cl/na cl,,,
Ca Cl/K Cl/Na Cl/Na Lact,ca cl/k cl/na cl/na lact,ca cl/k cl/na cl/na lact,,,
Ca Cl/Mg Cl/K Cl/Na Ace/Na Cl/Na Cit,ca cl/mg cl/k cl/na ace/na cl/na cit,ca cl/mg cl/k cl/na ace/na cl/na cit,,,
Ca Oxybate/Mg Oxybate/K Oxybate/Na Oxybate,ca oxybate/mg oxybate/k oxybate/na oxybate,ca oxybate/mg oxybate/k oxybate/na oxybate,,,
Caprylic/Capric Triglyceride,caprylic/capric triglyceride,caprylic/capric triglyceride,,,
"Capsules, Empty Gelatin",empty gelatin,empty gelatin,,,
Carbidopa/Entacapone/Levodopa,carbidopa/entacapone/levodopa,carbidopa/entacapone/levodopa,,,
Carbidopa/Levodopa,carbidopa/levodopa,carbidopa/levodopa,,,
Carboxymethylcellulose Na/Glycerin/Polysorbate 80,carboxymethylcellulose na/glycerin/polysorbate 80,carboxymethylcellulose na/glycerin/polysorbate 80,,,
Carboxymethylcellulose Sodium/Cellulose,carboxymethylcellulose sodium/cellulose,carboxymethylcellulose sodium/cellulose,,,
Carboxymethylcellulose Sodium/Glycerin,carboxymethylcellulose sodium/glycerin,carboxymethylcellulose sodium/glycerin,,,
Cariprazine;Cariprazine,cariprazine cariprazine,cariprazine cariprazine,,,
Carya illinoinensis Pollen Allergen Extract,carya illinoinensis pollen allergen extract,carya illinoinensis pollen allergen extract,,,
Catheter,catheter,catheter,,,
Chamomile/Mercurius Solubilis/Sulfur,chamomile/mercurius solubilis/sulfur,chamomile/mercurius solubilis/sulfur,,,
Chlorcyclizine HCl/Phenyleph HCl,chlorcyclizine hcl/phenyleph hcl,chlorcyclizine hcl/phenyleph,,,
Chlorcyclizine HCl/PSE HCl,chlorcyclizine hcl/pse hcl,chlorcyclizine hcl/pse,,,
Chlorhexidine Gluconate;Dimethicone;Mupirocin,chlorhexidine gluconate dimethicone mupirocin,chlorhexidine gluconate dimethicone mupirocin,,,
Chloroxylenol/HC/Pramoxine HCl,chloroxylenol/hc/pramoxine hcl,chloroxylenol/hc/pramoxine,,,
Chlorpheniramine Mal/Codeine Phos/Phenyleph HCl,chlorpheniramine mal/codeine phos/phenyleph hcl,chlorpheniramine mal/codeine phos/phenyleph,,,
Chlorpheniramine Mal/Codeine Phos/PSE HCl,chlorpheniramine mal/codeine phos/pse hcl,chlorpheniramine mal/codeine phos/pse,,,
Chlorpheniramine Mal/DM Hydrobrom,chlorpheniramine mal/dm hydrobrom,chlorpheniramine mal/dm hydrobrom,,,
Chlorpheniramine Mal/DM Hydrobrom/guaiFENesin/Phen,chlorpheniramine mal/dm hydrobrom/guaifenesin/phen,chlorpheniramine mal/dm hydrobrom/guaifenesin/phen,,,
Chlorpheniramine Mal/DM Hydrobrom/Phenyleph HCl,chlorpheniramine mal/dm hydrobrom/phenyleph hcl,chlorpheniramine mal/dm hydrobrom/phenyleph,,,
Chlorpheniramine Mal/DM Hydrobrom/PSE HCl,chlorpheniramine mal/dm hydrobrom/pse hcl,chlorpheniramine mal/dm hydrobrom/pse,,,
Chlorpheniramine Mal/Ibuprofen/Phenyleph HCl,chlorpheniramine mal/ibuprofen/phenyleph hcl,chlorpheniramine mal/ibuprofen/phenyleph,,,
Chlorpheniramine Mal/Ibuprofen/PSE HCl,chlorpheniramine mal/ibuprofen/pse hcl,chlorpheniramine mal/ibuprofen/pse,,,
Chlorpheniramine Mal/Phenyleph HCl,chlorpheniramine mal/phenyleph hcl,chlorpheniramine mal/phenyleph,,,
Chlorpheniramine Mal/Phenyleph HCl/Pyril Mal,chlorpheniramine mal/phenyleph hcl/pyril mal,chlorpheniramine mal/phenyleph hcl/pyril mal,,,
Chlorpheniramine Mal/PSE HCl,chlorpheniramine mal/pse hcl,chlorpheniramine mal/pse,,,
Chlorpheniramine Maleate/Codeine Phosphate,chlorpheniramine maleate/codeine phosphate,chlorpheniramine maleate/codeine,,,
Chlorpheniramine Polistirex/Codeine Polistirex,chlorpheniramine polistirex/codeine polistirex,chlorpheniramine polistirex/codeine polistirex,,,
Chlorpheniramine Polistirex/Hydrocodone Polistirex,chlorpheniramine polistirex/hydrocodone polistirex,chlorpheniramine polistirex/hydrocodone polistirex,,,
"Cholera Vaccine, Live",cholera vaccine live,cholera vaccine live,,,
"Chorionic Gonadotropin Alfa, Recombinant",chorionic gonadotropin alfa recombinant,chorionic gonadotropin alfa recombinant,,,
Cleanser and Moisturizer,cleanser and moisturizer,cleanser and moisturizer,,,
"Cleanser;Cream, Multi Ingredient",cleanser multi ingredient,cleanser multi ingredient,,,
Clopidogrel Hydrogen Sulfate,clopidogrel hydrogen sulfate,clopidogrel hydrogen,,,
Clotrimazole;Clotrimazole,clotrimazole clotrimazole,clotrimazole clotrimazole,,,
Coagulation Factor VIIa-jncw,coagulation factor viia-jncw,coagulation factor viia-jncw,,,
Coenzyme Q10/Vitamin E,coenzyme q10/vitamin e,coenzyme q10/vitamin e,,,
Collodion,collodion,collodion,,,
Colloidal Sulfur/Sulfacetamide Sodium,colloidal sulfur/sulfacetamide sodium,colloidal sulfur/sulfacetamide,,,
Color Additive,color additive,color additive,,,
Condom,condom,condom,,,
Contact Lens Product,contact lens product,contact lens product,,,
"Container, Evacuated",container evacuated,container evacuated,,,
Cough/Cold Combination,cough/cold combination,cough/cold combination,,,
"COVID-19 Vaccine, Adenovirus 26 Vector (Janssen)",covid-19 vaccine adenovirus 26 vector janssen,covid-19 vaccine adenovirus 26 vector janssen,,,
"COVID-19 Vaccine, mRNA Bivalent (Moderna)",covid-19 vaccine mrna bivalent moderna,covid-19 vaccine mrna bivalent moderna,,,
"COVID-19 Vaccine, mRNA Bivalent (Pfizer)",covid-19 vaccine mrna bivalent pfizer,covid-19 vaccine mrna bivalent pfizer,,,
Cr/Cu/Folic Acid/Niacinamide/Se/Zinc,cr/cu/folic acid/niacinamide/se/zinc,cr/cu/folic acid/niacinamide/se/zinc,,,
Cream Base,base,base,,,
"Cream, Multi Ingredient",multi ingredient,multi ingredient,,,
"Cream, Multi Ingredient;Gel, Multi Ingredient",multi ingredient gel multi ingredient,multi ingredient gel multi ingredient,,,
Cu/Folic Acid/Vitamin B3/Pyridoxine HCl/Zinc,cu/folic acid/vitamin b3/pyridoxine hcl/zinc,cu/folic acid/vitamin b3/pyridoxine hcl/zinc,,,
"Cutter, Syringe And Needle",cutter syringe and needle,cutter syringe and needle,,,
Cyanocobalamin;Isopropyl Alcohol,cyanocobalamin isopropyl alcohol,cyanocobalamin isopropyl alcohol,,,
Cyanocobalamin/Folic Acid,cyanocobalamin/folic acid,cyanocobalamin/folic acid,,,
Cyanocobalamin/Folic Acid/Iron Polysaccharide,cyanocobalamin/folic acid/iron polysaccharide,cyanocobalamin/folic acid/iron polysaccharide,,,
Cyanocobalamin/Folic Acid/Pyridoxine,cyanocobalamin/folic acid/pyridoxine,cyanocobalamin/folic acid/pyridoxine,,,
Cyanocobalamin/Levomefolate Calcium/Pyridoxine,cyanocobalamin/levomefolate calcium/pyridoxine,cyanocobalamin/levomefolate calcium/pyridoxine,,,
Cyanocobalamin/Salcaprozate Sodium,cyanocobalamin/salcaprozate sodium,cyanocobalamin/salcaprozate,,,
Deoxy-D-Glucose,deoxy-d-glucose,deoxy-d-glucose,,,
Device,device,device,,,
"Device, Inhalation",device inhalation,device inhalation,,,
Dexchlorpheniramine Mal/DM Hydrobrom/Phenyleph HCl,dexchlorpheniramine mal/dm hydrobrom/phenyleph hcl,dexchlorpheniramine mal/dm hydrobrom/phenyleph,,,
Dexchlorpheniramine Mal/DM Hydrobrom/PSE HCl,dexchlorpheniramine mal/dm hydrobrom/pse hcl,dexchlorpheniramine mal/dm hydrobrom/pse,,,
Dexchlorpheniramine Mal/Phenyleph HCl,dexchlorpheniramine mal/phenyleph hcl,dexchlorpheniramine mal/phenyleph,,,
Dexchlorpheniramine Mal/PSE HCl,dexchlorpheniramine mal/pse hcl,dexchlorpheniramine mal/pse,,,
Dexmethylphenidate/Serdexmethylphenidate,dexmethylphenidate/serdexmethylphenidate,dexmethylphenidate/serdexmethylphenidate,,,
Dextran 70/Glycerin/Hypromellose,dextran 70/glycerin/hypromellose,dextran 70/glycerin/hypromellose,,,
Dextran 70/Hypromellose,dextran 70/hypromellose,dextran 70/hypromellose,,,
Dextrin,dextrin,dextrin,,,
Dextromethorphan Hydrobromide/Doxylamine Succinate,dextromethorphan hydrobromide/doxylamine succinate,dextromethorphan hydrobromide/doxylamine,,,
Dextromethorphan Hydrobromide/Guaifenesin,dextromethorphan hydrobromide/guaifenesin,dextromethorphan hydrobromide/guaifenesin,,,
Dextromethorphan Hydrobromide/Pyrilamine Maleate,dextromethorphan hydrobromide/pyrilamine maleate,dextromethorphan hydrobromide/pyrilamine maleate,,,
Dextromethorphan Hydrobromide/Quinidine Sulfate,dextromethorphan hydrobromide/quinidine sulfate,dextromethorphan hydrobromide/quinidine,,,
Dextrose,dextrose,dextrose,,,
Dextrose/Levofloxacin,dextrose/levofloxacin,dextrose/levofloxacin,,,
Dextrose/Lidocaine Hydrochloride,dextrose/lidocaine hydrochloride,dextrose/lidocaine,,,
Dextrose/Potassium Chloride/Sodium Chloride,dextrose/potassium chloride/sodium chloride,dextrose/potassium chloride/sodium chloride,,,
Dextrose/Sodium Chloride,dextrose/sodium chloride,dextrose/sodium chloride,,,
Diabetic Supplies,diabetic supplies,diabetic supplies,,,
Diaphragm,diaphragm,diaphragm,,,
Digestants,digestants,digestants,,,
Digital Therapeutics,digital therapeutics,digital therapeutics,,,
Dimethyl Fumarate;Dimethyl Fumarate,dimethyl fumarate dimethyl fumarate,dimethyl dimethyl,,,
Dinitrochlorobenzene,dinitrochlorobenzene,dinitrochlorobenzene,,,
Diphencyprone,diphencyprone,diphencyprone,,,
"Diphtheria Toxoid, Adsorbed/Pertussis Vac, Acellul",diphtheria toxoid adsorbed/pertussis vac acellul,diphtheria toxoid adsorbed/pertussis vac acellul,,,
"Diphtheria Toxoid, Adsorbed/Tetanus Toxoid",diphtheria toxoid adsorbed/tetanus toxoid,diphtheria toxoid adsorbed/tetanus toxoid,,,
Disinfectant Prep Pad,disinfectant prep pad,disinfectant prep pad,,,
Dispenser,dispenser,dispenser,,,
"Dispenser, Syringe And Needle",dispenser syringe and needle,dispenser syringe and needle,,,
DM Hydrobrom/guaiFENesin/Phenyleph HCl,dm hydrobrom/guaifenesin/phenyleph hcl,dm hydrobrom/guaifenesin/phenyleph,,,
DM Hydrobrom/guaiFENesin/PSE HCl,dm hydrobrom/guaifenesin/pse hcl,dm hydrobrom/guaifenesin/pse,,,
DM Hydrobrom/Pheniramine Mal/Phenyleph HCl,dm hydrobrom/pheniramine mal/phenyleph hcl,dm hydrobrom/pheniramine mal/phenyleph,,,
DM Hydrobrom/Phenyleph HCl,dm hydrobrom/phenyleph hcl,dm hydrobrom/phenyleph,,,
DM Hydrobrom/Phenyleph HCl/Pyril Mal,dm hydrobrom/phenyleph hcl/pyril mal,dm hydrobrom/phenyleph hcl/pyril mal,,,
DM Hydrobrom/Phenyleph HCl/Thonzylamine HCl,dm hydrobrom/phenyleph hcl/thonzylamine hcl,dm hydrobrom/phenyleph hcl/thonzylamine,,,
DM Hydrobrom/Phenyleph HCl/Triprolidine HCl,dm hydrobrom/phenyleph hcl/triprolidine hcl,dm hydrobrom/phenyleph hcl/triprolidine,,,
DM Hydrobrom/Promethazine HCl,dm hydrobrom/promethazine hcl,dm hydrobrom/promethazine,,,
DM Hydrobrom/Triprolidine HCl,dm hydrobrom/triprolidine hcl,dm hydrobrom/triprolidine,,,
Dressing,dressing,dressing,,,
"Dressing, Gauze",dressing gauze,dressing gauze,,,
"Dressing, Transparent, Occlusive",dressing transparent occlusive,dressing transparent occlusive,,,
DSS;Prenatal Vitamins,dss prenatal vitamins,dss prenatal vitamins,,,
DTaP Vaccine,dtap vaccine,dtap vaccine,,,
"DTaP, Hepatitis B, and Polio Vaccine",dtap hepatitis b and polio vaccine,dtap hepatitis b and polio vaccine,,,
"DTaP, Hepatitis B, Polio and Haemophilus B Vaccine",dtap hepatitis b polio and haemophilus b vaccine,dtap hepatitis b polio and haemophilus b vaccine,,,
Elect;Elect;Elect;Elect,elect elect elect elect,elect elect elect elect,,,
Electrolytes,electrolytes,electrolytes,,,
"Emulsion, Multi Ingredient",emulsion multi ingredient,emulsion multi ingredient,,,
Esterified Estrogens,esterified estrogens,esterified estrogens,,,
Esterified Estrogens/Methyltestosterone,esterified estrogens/methyltestosterone,esterified estrogens/methyltestosterone,,,
"Estriol, Micronized",estriol micronized,estriol micronized,,,
Ethinyl Estradiol;Ethinyl Estradiol/Levonorgestrel,ethinyl estradiol ethinyl estradiol/levonorgestrel,ethinyl estradiol ethinyl estradiol/levonorgestrel,,,
Ethinyl Estradiol;Ethinyl Estradiol/Norethindrone,ethinyl estradiol ethinyl estradiol/norethindrone,ethinyl estradiol ethinyl estradiol/norethindrone,,,
Ethinyl Estradiol/Ethynodiol Diacetate;Placebo,ethinyl estradiol/ethynodiol diacetate placebo,ethinyl estradiol/ethynodiol diacetate placebo,,,
Ethinyl Estradiol/Etonogestrel,ethinyl estradiol/etonogestrel,ethinyl estradiol/etonogestrel,,,
Ethinyl Estradiol/Levonorgestrel,ethinyl estradiol/levonorgestrel,ethinyl estradiol/levonorgestrel,,,
Ethinyl Estradiol/Levonorgestrel;Ethinyl Estradiol,ethinyl estradiol/levonorgestrel ethinyl estradiol,ethinyl estradiol/levonorgestrel ethinyl estradiol,,,
Ethinyl Estradiol/Levonorgestrel;Ferrous Bisglycin,ethinyl estradiol/levonorgestrel ferrous bisglycin,ethinyl estradiol/levonorgestrel ferrous bisglycin,,,
Ethinyl Estradiol/Levonorgestrel;Ferrous Fumarate,ethinyl estradiol/levonorgestrel ferrous fumarate,ethinyl estradiol/levonorgestrel ferrous,,,
Ethinyl Estradiol/Levonorgestrel;Placebo,ethinyl estradiol/levonorgestrel placebo,ethinyl estradiol/levonorgestrel placebo,,,
Ethinyl Estradiol/Norelgestromin,ethinyl estradiol/norelgestromin,ethinyl estradiol/norelgestromin,,,
Ethinyl Estradiol/Norethindrone,ethinyl estradiol/norethindrone,ethinyl estradiol/norethindrone,,,
Ethinyl Estradiol/Norethindrone Ace;Ethinyl Estrad,ethinyl estradiol/norethindrone ace ethinyl estrad,ethinyl estradiol/norethindrone ace ethinyl estrad,,,
Ethinyl Estradiol/Norethindrone Ace;Ferrous Fum,ethinyl estradiol/norethindrone ace ferrous fum,ethinyl estradiol/norethindrone ace ferrous fum,,,
Ethinyl Estradiol/Norethindrone Acetate,ethinyl estradiol/norethindrone acetate,ethinyl estradiol/norethindrone,,,
Ethinyl Estradiol/Norethindrone;Ethinyl Estradiol/,ethinyl estradiol/norethindrone ethinyl estradiol/,ethinyl estradiol/norethindrone ethinyl estradiol/,,,
Ethinyl Estradiol/Norethindrone;Ferrous Fumarate,ethinyl estradiol/norethindrone ferrous fumarate,ethinyl estradiol/norethindrone ferrous,,,
Ethinyl Estradiol/Norethindrone;Placebo,ethinyl estradiol/norethindrone placebo,ethinyl estradiol/norethindrone placebo,,,
Ethinyl Estradiol/Norgestimate,ethinyl estradiol/norgestimate,ethinyl estradiol/norgestimate,,,
Ethinyl Estradiol/Norgestimate;Ethinyl Estradiol/N,ethinyl estradiol/norgestimate ethinyl estradiol/n,ethinyl estradiol/norgestimate ethinyl estradiol/n,,,
Ethinyl Estradiol/Norgestimate;Placebo,ethinyl estradiol/norgestimate placebo,ethinyl estradiol/norgestimate placebo,,,
Ethinyl Estradiol/Norgestrel;Placebo,ethinyl estradiol/norgestrel placebo,ethinyl estradiol/norgestrel placebo,,,
Ethinyl Estradiol/Segesterone Acetate,ethinyl estradiol/segesterone acetate,ethinyl estradiol/segesterone,,,
Fat Emulsion,fat emulsion,fat emulsion,,,
Fat Emulsion/Fish Oil/Soybean Oil,fat emulsion/fish oil/soybean oil,fat emulsion/fish oil/soybean oil,,,
Fat Emulsion/Soybean Oil,fat emulsion/soybean oil,fat emulsion/soybean oil,,,
Female Condom,female condom,female condom,,,
Feverfew/Magnesium/Riboflavin,feverfew/magnesium/riboflavin,feverfew/magnesium/riboflavin,,,
Flavocoxid,flavocoxid,flavocoxid,,,
"Flavocoxid/Zinc, Chelated",flavocoxid/zinc chelated,flavocoxid/zinc chelated,,,
Flavoring Aid,flavoring aid,flavoring aid,,,
Fluoxetine Hydrochloride/Olanzapine,fluoxetine hydrochloride/olanzapine,fluoxetine hydrochloride/olanzapine,,,
Fluticasone Furoate/Umeclidinium/Vilanterol,fluticasone furoate/umeclidinium/vilanterol,fluticasone furoate/umeclidinium/vilanterol,,,
Fluticasone Furoate/Vilanterol Trifenatate,fluticasone furoate/vilanterol trifenatate,fluticasone furoate/vilanterol trifenatate,,,
"Fluticasone Propionate, Micronized",fluticasone propionate micronized,fluticasone propionate micronized,,,
"Fluticasone Propionate;Solution, Multi Ingredient",fluticasone propionate multi ingredient,fluticasone propionate multi ingredient,,,
Fluticasone Propionate/Salmeterol Xinafoate,fluticasone propionate/salmeterol xinafoate,fluticasone propionate/salmeterol xinafoate,,,
"Food Starch, Modified",food starch modified,food starch modified,,,
"Formula, Infant",formula infant,formula infant,,,
Forskohlii/HC Ace/Lido HCl,forskohlii/hc ace/lido hcl,forskohlii/hc ace/lido,,,
Glycine/Sodium Chloride,glycine/sodium chloride,glycine/sodium chloride,,,
Grass Pollen Extract Combination,grass pollen extract combination,grass pollen extract combination,,,
Haemophilus B Conjugate Vaccine/Tetanus Toxoid,haemophilus b conjugate vaccine/tetanus toxoid,haemophilus b conjugate vaccine/tetanus toxoid,,,
HC Ace/Neomycin Sulf/Polymyxin B Sulf,hc ace/neomycin sulf/polymyxin b sulf,hc ace/neomycin sulf/polymyxin b sulf,,,
HC/Neomycin Sulf/Polymyxin B Sulf,hc/neomycin sulf/polymyxin b sulf,hc/neomycin sulf/polymyxin b sulf,,,
"Hep A Vac, Inactivated/Hep B Vac Recombinant",hep a vac inactivated/hep b vac recombinant,hep a vac inactivated/hep b vac recombinant,,,
Homeopathic,homeopathic,homeopathic,,,
"HPV Vac Recomb Quadrivalent (Types 6, 11, 16, 18)",hpv vac recomb quadrivalent types 6 11 16 18,hpv vac recomb quadrivalent types 6 11 16 18,,,
"HPV Vaccine Recombinant Bivalent (Types 16, 18)",hpv vaccine recombinant bivalent types 16 18,hpv vaccine recombinant bivalent types 16 18,,,
Humidifier,humidifier,humidifier,,,
Hydrocodone Bitartrate/Ibuprofen,hydrocodone bitartrate/ibuprofen,hydrocodone bitartrate/ibuprofen,,,
"Hydrocortisone Acetate, Micronized",hydrocortisone acetate micronized,hydrocortisone micronized,,,
Hydrocortisone Acetate/Iodoquinol,hydrocortisone acetate/iodoquinol,hydrocortisone acetate/iodoquinol,,,
Hydrocortisone Acetate/Lidocaine Hydrochloride,hydrocortisone acetate/lidocaine hydrochloride,hydrocortisone acetate/lidocaine,,,
Hydrocortisone Acetate/Pramoxine Hydrochloride,hydrocortisone acetate/pramoxine hydrochloride,hydrocortisone acetate/pramoxine,,,
"Hydrocortisone, Micronized",hydrocortisone micronized,hydrocortisone micronized,,,
"Hydrocortisone;Cream, Multi Ingredient",hydrocortisone multi ingredient,hydrocortisone multi ingredient,,,
"Hydrocortisone;Shampoo, Multi Ingredient",hydrocortisone shampoo multi ingredient,hydrocortisone shampoo multi ingredient,,,
Hydrocortisone/Iodoquinol,hydrocortisone/iodoquinol,hydrocortisone/iodoquinol,,,
Hydrogel,hydrogel,hydrogel,,,
Hydrophilic Ointment,hydrophilic,hydrophilic,,,
Hydroxyprogesterone Caproate,hydroxyprogesterone caproate,hydroxyprogesterone caproate,,,
Hydroxytryptophan,hydroxytryptophan,hydroxytryptophan,,,
Immune Globulin Bovine,immune globulin bovine,immune globulin bovine,,,
Immune Globulin-hipp,immune globulin-hipp,immune globulin-hipp,,,
Immune Globulin-ifas,immune globulin-ifas,immune globulin-ifas,,,
Immune Globulin-klhw,immune globulin-klhw,immune globulin-klhw,,,
Incontinence Products,incontinence products,incontinence products,,,
Influenza Virus Vaccine (Subvirion),influenza virus vaccine subvirion,influenza virus vaccine subvirion,,,
Influenza Virus Vaccine Recombinant,influenza virus vaccine recombinant,influenza virus vaccine recombinant,,,
"Influenza Virus Vaccine, Adjuvanted",influenza virus vaccine adjuvanted,influenza virus vaccine adjuvanted,,,
"Influenza Virus Vaccine, Inactivated",influenza virus vaccine inactivated,influenza virus vaccine inactivated,,,
"Influenza Virus Vaccine, Live",influenza virus vaccine live,influenza virus vaccine live,,,
"Infusion Pump, Insulin",infusion pump insulin,infusion pump insulin,,,
"Infusion Pump, Parenteral",infusion pump parenteral,infusion pump parenteral,,,
Injection Device,device,device,,,
Insulin Aspart Protamine/Insulin Aspart,insulin aspart protamine/insulin aspart,insulin aspart protamine/insulin aspart,,,
"Insulin Aspart, Recombinant",insulin aspart recombinant,insulin aspart recombinant,,,
Insulin Human Inhaled,insulin human inhaled,insulin human inhaled,,,
Insulin Human Inhaled;Insulin Human Inhaled,insulin human inhaled insulin human inhaled,insulin human inhaled insulin human inhaled,,,
Insulin Human Inhaled;Insulin Human Inhaled;Insuli,insulin human inhaled insulin human inhaled insuli,insulin human inhaled insulin human inhaled insuli,,,
Insulin Syringe/Needle,insulin syringe/needle,insulin syringe/needle,,,
Insulin Syringe/Needles,insulin syringe/needles,insulin syringe/needles,,,
Iva annua Allergen Extract,iva annua allergen extract,iva annua allergen extract,,,
"Japanese Encephalitis Vaccine, Inactivated Adsorb",japanese encephalitis vaccine inactivated adsorb,japanese encephalitis vaccine inactivated adsorb,,,
Johnson Grass Allergen Extract,johnson grass allergen extract,johnson grass allergen extract,,,
"K Phos, Monobasic/Na Phos, Monobasic",k phos monobasic/na phos monobasic,k phos monobasic/na phos monobasic,,,
"K Phos/Na Phos, Dibasic/Na Phos, Monobasic",k phos/na phos dibasic/na phos monobasic,k phos/na phos dibasic/na phos monobasic,,,
"Kit, Administration, Intravenous",kit administration intravenous,kit administration intravenous,,,
"Kit, Blood Glucose Test",kit blood glucose test,kit blood glucose test,,,
"Kit, Feeding (Enteral)",kit feeding enteral,kit feeding enteral,,,
Laboratory Tests and/or Supplies,laboratory tests and/or supplies,laboratory tests and/or supplies,,,
Lactic Acid/Urea,lactic acid/urea,lactic acid/urea,,,
Lactobacillus Combination,lactobacillus combination,lactobacillus combination,,,
Lamb s Quarter Allergen Extract,lamb s quarter allergen extract,lamb s quarter allergen extract,,,
Lancet,lancet,lancet,,,
Lancet Device,lancet device,lancet device,,,
Lemon Balm/Melatonin,lemon balm/melatonin,lemon balm/melatonin,,,
Leptospermum Honey,leptospermum honey,leptospermum honey,,,
Levomilnacipran Hydrochloride;Levomilnacipran Hydr,levomilnacipran hydrochloride levomilnacipran hydr,levomilnacipran levomilnacipran hydr,,,
Levothyroxine Sodium/Liothyronine Sodium,levothyroxine sodium/liothyronine sodium,levothyroxine sodium/liothyronine,,,
"Lozenge, Multi Ingredient",lozenge multi ingredient,lozenge multi ingredient,,,
Magnesium Sulfate/Potassium Sulfate/Sodium Sulfate,magnesium sulfate/potassium sulfate/sodium sulfate,sulfate/potassium sulfate/sodium,,,
"Mask, Face",mask face,mask face,,,
Medical Food,medical food,medical food,,,
Meningococcal Oligosaccharide Vac Diphtheria Conj,meningococcal oligosaccharide vac diphtheria conj,meningococcal oligosaccharide vac diphtheria conj,,,
Meningococcal Polysaccharide Vac Diphtheria Conj,meningococcal polysaccharide vac diphtheria conj,meningococcal polysaccharide vac diphtheria conj,,,
"Meningococcal Vac, Tetanus Conjugate, Quadrivalent",meningococcal vac tetanus conjugate quadrivalent,meningococcal vac tetanus conjugate quadrivalent,,,
"Meter, Peak Flow, Spirometry",meter peak flow spirometry,meter peak flow spirometry,,,
Methylcobalamin,methylcobalamin,methylcobalamin,,,
"Methyltestosterone, Micronized",methyltestosterone micronized,methyltestosterone micronized,,,
"Metronidazole Benzoate;Suspension, Multi Ingredien",metronidazole benzoate multi ingredien,metronidazole benzoate multi ingredien,,,
Metronidazole;Cleanser,metronidazole cleanser,metronidazole cleanser,,,
Mg Cl/K Cl/Na Ace/Na Cl/Na Gluconate,mg cl/k cl/na ace/na cl/na gluconate,mg cl/k cl/na ace/na cl/na gluconate,,,
Mg Sulf/K Cl/Na Sulf,mg sulf/k cl/na sulf,mg sulf/k cl/na sulf,,,
Milk Protein/Soy Protein,milk protein/soy protein,milk protein/soy protein,,,
Milk Protein/Soybean Oil,milk protein/soybean oil,milk protein/soybean oil,,,
"Mold, Suppository",mold suppository,mold suppository,,,
"Monitor, Blood Pressure, Indirect, Automatic",monitor blood pressure indirect automatic,monitor blood pressure indirect automatic,,,
Multimineral,multimineral,multimineral,,,
Multimineral/Multivitamin,multimineral/multivitamin,multimineral/multivitamin,,,
Multivitamin,multivitamin,multivitamin,,,
Multivitamin and Fluoride,multivitamin and fluoride,multivitamin and fluoride,,,
Multivitamin and Iron,multivitamin and iron,multivitamin and iron,,,
Multivitamin and Minerals,multivitamin and minerals,multivitamin and minerals,,,
Multivitamin and Nutriceuticals,multivitamin and nutriceuticals,multivitamin and nutriceuticals,,,
"Multivitamin, Iron, and Fluoride",multivitamin iron and fluoride,multivitamin iron and fluoride,,,
"Multivitamin, Minerals, and Iron",multivitamin minerals and iron,multivitamin minerals and iron,,,
"Multivitamin, Minerals, and Iron;Placebo",multivitamin minerals and iron placebo,multivitamin minerals and iron placebo,,,
"Multivitamin, Minerals, and Nutriceuticals",multivitamin minerals and nutriceuticals,multivitamin minerals and nutriceuticals,,,
"Multivitamin, Minerals, Iron, and Fluoride",multivitamin minerals iron and fluoride,multivitamin minerals iron and fluoride,,,
"Multivitamin, Minerals, Iron, and Nutriceuticals",multivitamin minerals iron and nutriceuticals,multivitamin minerals iron and nutriceuticals,,,
"Na Phos, Dibasic/Na Phos, Monobasic",na phos dibasic/na phos monobasic,na phos dibasic/na phos monobasic,,,
"Nebulizer, Direct Patient Interface",nebulizer direct patient interface,nebulizer direct patient interface,,,
Needle,needle,needle,,,
Needle and/or Syringe Supplies,needle and/or syringe supplies,needle and/or syringe supplies,,,
"Needle, Hypodermic",needle hypodermic,needle hypodermic,,,
"Novavax COVID-19 Vaccine, Adjuvanted",novavax covid-19 vaccine adjuvanted,novavax covid-19 vaccine adjuvanted,,,
Nutriceutical,nutriceutical,nutriceutical,,,
Nutriceutical;Prenatal Vitamins,nutriceutical prenatal vitamins,nutriceutical prenatal vitamins,,,
Nutritional Supplement,nutritional supplement,nutritional supplement,,,
"Oatmeal, Gum Fraction",oatmeal gum fraction,oatmeal gum fraction,,,
Ointment Base,base,base,,,
"Ointment, Multi Ingredient",multi ingredient,multi ingredient,,,
Omega-3-Acid Ethyl Esters,omega-3-acid ethyl esters,omega-3-acid ethyl esters,,,
Ostomy Product,ostomy product,ostomy product,,,
p-Phenolsulfonic Acid/Sulfuric Acid,p-phenolsulfonic acid/sulfuric acid,p-phenolsulfonic acid/sulfuric acid,,,
"Padimate O/Petrolatum, White",padimate o/petrolatum white,padimate o/petrolatum white,,,
Peanut Allergen-dnfp,peanut allergen-dnfp,peanut allergen-dnfp,,,
PEG Electrolyte Lavage Solution,peg electrolyte lavage,peg electrolyte lavage,,,
"PEG Electrolyte Lavage Solution;Powder, Multi Ingr",peg electrolyte lavage powder multi ingr,peg electrolyte lavage powder multi ingr,,,
PEG/K Cl/Na Bicarb/Na Cl/Na Sulf,peg/k cl/na bicarb/na cl/na sulf,peg/k cl/na bicarb/na cl/na sulf,,,
Peru Balsam,peru balsam,peru balsam,,,
Peru Balsam/Petrolatum/Zinc Oxide,peru balsam/petrolatum/zinc oxide,peru balsam/petrolatum/zinc oxide,,,
Pharmacy Supplies,pharmacy supplies,pharmacy supplies,,,
Phentermine Hydrochloride/Topiramate,phentermine hydrochloride/topiramate,phentermine hydrochloride/topiramate,,,
Phenyleph HCl/Promethazine HCl,phenyleph hcl/promethazine hcl,phenyleph hcl/promethazine,,,
Phenyleph HCl/Thonzylamine HCl,phenyleph hcl/thonzylamine hcl,phenyleph hcl/thonzylamine,,,
Phenyleph HCl/Triprolidine HCl,phenyleph hcl/triprolidine hcl,phenyleph hcl/triprolidine,,,
Phenylephrine Hydrochloride/Pyrilamine Maleate,phenylephrine hydrochloride/pyrilamine maleate,phenylephrine hydrochloride/pyrilamine maleate,,,
"Phenytoin Sodium, Extended",phenytoin sodium extended,phenytoin extended,,,
Phoma Allergen Extract,phoma allergen extract,phoma allergen extract,,,
Phosphate/Sodium,phosphate/sodium,phosphate/sodium,,,
"Pneumococcal 13-Valent Vaccine, Diphtheria Conjug",pneumococcal 13-valent vaccine diphtheria conjug,pneumococcal 13-valent vaccine diphtheria conjug,,,
"Pneumococcal 15-Valent Vaccine, Diphtheria Conjuga",pneumococcal 15-valent vaccine diphtheria conjuga,pneumococcal 15-valent vaccine diphtheria conjuga,,,
"Pneumococcal 20-Valent Vaccine, Diphtheria Conjuga",pneumococcal 20-valent vaccine diphtheria conjuga,pneumococcal 20-valent vaccine diphtheria conjuga,,,
"Polymyxin B Sulfate, Micronized",polymyxin b sulfate micronized,polymyxin b micronized,,,
Polymyxin B Sulfate/Trimethoprim Sulfate,polymyxin b sulfate/trimethoprim sulfate,polymyxin b sulfate/trimethoprim,,,
Polypodium leucotomos Leaf Extract,polypodium leucotomos leaf extract,polypodium leucotomos leaf extract,,,
Polyureaurethane,polyureaurethane,polyureaurethane,,,
Polyvinyl Alcohol/Povidone,polyvinyl alcohol/povidone,polyvinyl alcohol/povidone,,,
"Polyvinyl Chloride, Radiopaque",polyvinyl chloride radiopaque,polyvinyl chloride radiopaque,,,
Potassium Nitrate/Silver Nitrate,potassium nitrate/silver nitrate,nitrate/silver,,,
Potassium Nitrate/Sodium Fluoride,potassium nitrate/sodium fluoride,nitrate/sodium fluoride,,,
Prenatal Vitamins,prenatal vitamins,prenatal vitamins,,,
Prothrombin Complex Human,prothrombin complex human,prothrombin complex human,,,
PSE HCl/Triprolidine HCl,pse hcl/triprolidine hcl,pse hcl/triprolidine,,,
"Pump, Breast, Powered",pump breast powered,pump breast powered,,,
"Pump, Infusion",pump infusion,pump infusion,,,
Quercus virginiana Allergen Extract,quercus virginiana allergen extract,quercus virginiana allergen extract,,,
Rabies Vaccine,rabies vaccine,rabies vaccine,,,
Respiratory Syncytial Virus Vaccine,respiratory syncytial virus vaccine,respiratory syncytial virus vaccine,,,
Rhizopus Allergen Extract,rhizopus allergen extract,rhizopus allergen extract,,,
Saliva Substitutes,saliva substitutes,saliva substitutes,,,
"SARS-COV-2 (COVID-19) Vaccine, mRNA (Moderna)",sars-cov-2 covid-19 vaccine mrna moderna,sars-cov-2 covid-19 vaccine mrna moderna,,,
"SARS-COV-2 (COVID-19) Vaccine, mRNA (Pfizer)",sars-cov-2 covid-19 vaccine mrna pfizer,sars-cov-2 covid-19 vaccine mrna pfizer,,,
"Set, Administration, Intravenous, Needle-Free",set administration intravenous needle-free,set administration intravenous needle-free,,,
"Shampoo, Multi Ingredient",shampoo multi ingredient,shampoo multi ingredient,,,
Sodium Caprate,sodium caprate,caprate,,,
"Solution, Multi Ingredient",multi ingredient,multi ingredient,,,
"Spacer, Inhalation",spacer inhalation,spacer inhalation,,,
"Spray, Multi Ingredient",multi ingredient,multi ingredient,,,
Squaric Acid Dibutylester,squaric acid dibutylester,squaric acid dibutylester,,,
Stevia Extract,stevia extract,stevia extract,,,
"Strip, Adhesive",strip adhesive,strip adhesive,,,
"Sulfamethoxazole, Micronized",sulfamethoxazole micronized,sulfamethoxazole micronized,,,
Sulfamethoxazole/Trimethoprim,sulfamethoxazole/trimethoprim,sulfamethoxazole/trimethoprim,,,
"Suspension, Multi Ingredient",multi ingredient,multi ingredient,,,
Syringe,syringe,syringe,,,
Syringe and Needle,syringe and needle,syringe and needle,,,
"Syringe, Allergy",syringe allergy,syringe allergy,,,
"Syringe, Oral",syringe oral,syringe oral,,,
"Syrup, Multi Ingredient",multi ingredient,multi ingredient,,,
Tangerine Oil,tangerine oil,tangerine oil,,,
"Tape, Adhesive",tape adhesive,tape adhesive,,,
Tdap Vaccine,tdap vaccine,tdap vaccine,,,
Tick-Borne Encephalitis Vaccine,tick-borne encephalitis vaccine,tick-borne encephalitis vaccine,,,
Triglycerides,triglycerides,triglycerides,,,
"Trimethoprim, Micronized",trimethoprim micronized,trimethoprim micronized,,,
Troche Base,troche base,troche base,,,
Tubing,tubing,tubing,,,
"Tubing, Fluid Delivery",tubing fluid delivery,tubing fluid delivery,,,
"Urine Test, Glucose",urine test glucose,urine test glucose,,,
"Urine Test, Microalbuminuria",urine test microalbuminuria,urine test microalbuminuria,,,
"Urine Test, Multiple",urine test multiple,urine test multiple,,,
Vision Training Products,vision training products,vision training products,,,
Vit B Complex,vit b complex,vit b complex,,,
Vit B12/L-Methylfolate/Vit B6/Vit B2,vit b12/l-methylfolate/vit b6/vit b2,vit b12/l-methylfolate/vit b6/vit b2,,,
Vit B12/Levomefolate Ca/Vit B6/Vit B2,vit b12/levomefolate ca/vit b6/vit b2,vit b12/levomefolate ca/vit b6/vit b2,,,
Vit B12/Vitamin B3/Vit B5/Vit B6/Vit B2/Vit B1,vit b12/vitamin b3/vit b5/vit b6/vit b2/vit b1,vit b12/vitamin b3/vit b5/vit b6/vit b2/vit b1,,,
Vit B6;Prenatal Vitamins,vit b6 prenatal vitamins,vit b6 prenatal vitamins,,,
Vit C/Bacillus subtilis/Inulin/Lactobacillus Sporo,vit c/bacillus subtilis/inulin/lactobacillus sporo,vit c/bacillus subtilis/inulin/lactobacillus sporo,,,
Vit C/Biotin/Cu Oxide/Vit B12/DSS/Folic Acid/Fe,vit c/biotin/cu oxide/vit b12/dss/folic acid/fe,vit c/biotin/cu oxide/vit b12/dss/folic acid/fe,,,
Vit C/Biotin/Cu/Vit B12/DSS/Folic Acid/Fe/Vit E,vit c/biotin/cu/vit b12/dss/folic acid/fe/vit e,vit c/biotin/cu/vit b12/dss/folic acid/fe/vit e,,,
Vit C/Biotin/Cu/Vit B12/Folic Acid/Fe/Vit E,vit c/biotin/cu/vit b12/folic acid/fe/vit e,vit c/biotin/cu/vit b12/folic acid/fe/vit e,,,
Vit C/Biotin/Vit B12/DSS/Folic Acid/Fe/Mg/Zinc,vit c/biotin/vit b12/dss/folic acid/fe/mg/zinc,vit c/biotin/vit b12/dss/folic acid/fe/mg/zinc,,,
Vit C/Cholecalciferol/Na Fluoride/Vit A,vit c/cholecalciferol/na fluoride/vit a,vit c/cholecalciferol/na fluoride/vit a,,,
Vit C/Fe/Na Fluoride/Vit A/Vit D,vit c/fe/na fluoride/vit a/vit d,vit c/fe/na fluoride/vit a/vit d,,,
Vit C/Ferrous Fum/Fe Polysaccharide/Vitamin B3,vit c/ferrous fum/fe polysaccharide/vitamin b3,vit c/ferrous fum/fe polysaccharide/vitamin b3,,,
Vit C/Na Ascorbate;PEG Electrolyte Lavage Solution,vit c/na ascorbate peg electrolyte lavage,vit c/na ascorbate peg electrolyte lavage,,,
Vit C/Vit B12/DSS/Folic Acid/Fe,vit c/vit b12/dss/folic acid/fe,vit c/vit b12/dss/folic acid/fe,,,
Vit C/Vit B12/Ferrous Fum/Folic Acid,vit c/vit b12/ferrous fum/folic acid,vit c/vit b12/ferrous fum/folic acid,,,
Vit C/Vit B12/Ferrous Fum/Folic Acid/IF,vit c/vit b12/ferrous fum/folic acid/if,vit c/vit b12/ferrous fum/folic acid/if,,,
"Vit C/Vit B12/Ferrous Fum/Stomach, Desiccated",vit c/vit b12/ferrous fum/stomach desiccated,vit c/vit b12/ferrous fum/stomach desiccated,,,
Vit C/Vit B12/Folic Acid/Fe Pentacarbonyl,vit c/vit b12/folic acid/fe pentacarbonyl,vit c/vit b12/folic acid/fe pentacarbonyl,,,
Vit C/Vit B12/Folic Acid/Fe/Pyridoxine HCl/Zinc,vit c/vit b12/folic acid/fe/pyridoxine hcl/zinc,vit c/vit b12/folic acid/fe/pyridoxine hcl/zinc,,,
Vitamin A/Vitamin D,vitamin a/vitamin d,vitamin a/vitamin d,,,
Vitamin B Complex and Iron;Vitamin B Complex and M,vitamin b complex and iron vitamin b complex and m,vitamin b complex and iron vitamin b complex and m,,,
Vitamin B Complex and Vitamin C,vitamin b complex and vitamin c,vitamin b complex and vitamin c,,,
"Vitamin B Complex, Iron, and Vitamin C",vitamin b complex iron and vitamin c,vitamin b complex iron and vitamin c,,,
"Vitamin B Complex, Mineral, and Vitamin C",vitamin b complex mineral and vitamin c,vitamin b complex mineral and vitamin c,,,
"Waste Disposal Unit, Sharps",waste disposal unit sharps,waste disposal unit sharps,,,
"Wax, Multi Ingredient",wax multi ingredient,wax multi ingredient,,,
Whey Protein Isolate,whey protein isolate,whey protein isolate,,,
Witepsol H 15,witepsol h 15,witepsol h 15,,,
Wound and/or Dressing Supplies,wound and/or dressing supplies,wound and/or dressing supplies,,,
Wound Care Preparation,wound care preparation,wound care preparation,,,
Wound/Dressing and/or Ostomy Supplies,wound/dressing and/or ostomy supplies,wound/dressing and/or ostomy supplies,,,
"Zoster Vaccine Recombinant, Adjuvanted",zoster vaccine recombinant adjuvanted,zoster vaccine recombinant adjuvanted,,,
